IDCLIENTE,NOMBRE,APELLIDO,EDAD,GENERO,DIRECCION
1,Shaine,Frostdick,1,M,Costa Rica
2,Orv,Tremellier,75,M,Costa Rica
3,Lynn,Shewery,88,M,Costa Rica
4,Jordana,Halsho,80,F,Costa Rica
5,Domenico,Ludovico,34,M,Costa Rica
6,Othilie,D'Onise,66,F,Costa Rica
7,Dulcia,LAbbet,83,F,Costa Rica
8,Ruy,McCarl,77,M,Costa Rica
9,Gleda,Hassen,71,F,Costa Rica
10,Tamar,Lestrange,66,F,Costa Rica
11,Karel,Bowman,44,M,Costa Rica
12,Ron,Lakenton,52,M,Costa Rica
13,Joan,Wycherley,3,F,Costa Rica
14,Ruby,Skeates,20,F,Costa Rica
15,Hettie,Winsper,73,F,Costa Rica
16,Hatty,Japp,14,F,Costa Rica
17,Anetta,MacAndrew,45,F,Costa Rica
18,Angelico,Warboy,86,M,Costa Rica
19,Lannie,Dewberry,19,M,Costa Rica
20,Diana,Demschke,2,F,Costa Rica
21,Carlene,Boldry,33,F,Costa Rica
22,Piggy,Brandreth,60,M,Costa Rica
23,Lucille,Pringer,70,F,Costa Rica
24,Pate,Davana,4,M,Costa Rica
25,Neel,Avo,32,M,Costa Rica
26,Lowell,Denisovich,51,M,Costa Rica
27,Korella,Stote,81,F,Costa Rica
28,Latrena,Kingett,94,F,Costa Rica
29,Seymour,Bonelle,92,M,Costa Rica
30,Blondelle,Rumble,35,F,Costa Rica
31,Anderson,Mercy,72,M,Costa Rica
32,Desmund,Fayerman,22,M,Costa Rica
33,Berke,Scaice,63,M,Costa Rica
34,Keeley,Scurry,32,F,Costa Rica
35,Kippar,Kirkup,89,M,Costa Rica
36,Linea,Saffrin,9,F,Costa Rica
37,Olympia,Draycott,41,F,Costa Rica
38,Arnuad,Oxburgh,3,M,Costa Rica
39,Ellyn,MacNeely,32,F,Costa Rica
40,Phip,O' Dornan,23,M,Costa Rica
41,Lillian,Nudd,51,F,Costa Rica
42,Allison,Groocock,58,F,Costa Rica
43,Wylma,Slany,30,F,Costa Rica
44,Ginnie,Utton,65,F,Costa Rica
45,Torre,Skitch,56,M,Costa Rica
46,Lyndy,Garlette,62,F,Costa Rica
47,Regine,Teas,66,F,Costa Rica
48,Ernaline,Retchless,4,F,Costa Rica
49,Janetta,Dows,84,F,Costa Rica
50,Bruis,Das,78,M,Costa Rica
51,Clarabelle,Neeves,100,F,Costa Rica
52,Micheil,Kollaschek,75,M,Costa Rica
53,Kirby,Chaddock,19,M,Costa Rica
54,Griselda,Quaintance,73,F,Costa Rica
55,Hamnet,Pruce,69,M,Costa Rica
56,Stu,Jannequin,46,M,Costa Rica
57,Cherice,Jachimczak,19,F,Costa Rica
58,Waiter,Eliez,29,M,Costa Rica
59,Inger,Juanes,63,M,Costa Rica
60,Theodora,Tuley,43,F,Costa Rica
61,Lucky,Chidler,97,F,Costa Rica
62,Lewie,Abramovici,30,M,Costa Rica
63,Arman,Riddel,50,M,Costa Rica
64,Izzy,Egle of Germany,98,M,Costa Rica
65,Reuben,Suttle,22,M,Costa Rica
66,Genia,Venny,76,F,Costa Rica
67,Jeth,Billyard,32,M,Costa Rica
68,Sunshine,Blundon,54,F,Costa Rica
69,Ced,Monsey,46,M,Costa Rica
70,Austin,Napier,66,F,Costa Rica
71,Dawn,Cubin,53,F,Costa Rica
72,Koralle,Aitkenhead,83,F,Costa Rica
73,Burg,Frodsam,66,M,Costa Rica
74,Delcina,Sturdgess,65,F,Costa Rica
75,Thorstein,Thames,39,M,Costa Rica
76,Amandy,Kalker,85,F,Costa Rica
77,Feliks,Britney,86,M,Costa Rica
78,Dame,Rable,36,M,Costa Rica
79,Venita,Grimes,74,F,Costa Rica
80,Alice,Moyers,69,F,Costa Rica
81,Hale,Willmetts,83,M,Costa Rica
82,Nicol,Loadsman,52,F,Costa Rica
83,Patrizius,Bramich,95,M,Costa Rica
84,Lilli,Hallibone,97,F,Costa Rica
85,Constantin,Exroll,17,M,Costa Rica
86,Stevana,Antoniewski,98,F,Costa Rica
87,Devi,Riddell,23,F,Costa Rica
88,Dwain,Scammonden,18,M,Costa Rica
89,Brigit,Jozwik,3,F,Costa Rica
90,Hilde,Phelipeaux,95,F,Costa Rica
91,Berny,Hansbury,75,F,Costa Rica
92,Lammond,Claige,26,M,Costa Rica
93,Keith,Fosserd,69,M,Costa Rica
94,Magnum,Pyrton,12,M,Costa Rica
95,Egon,Brandenberg,91,M,Costa Rica
96,Cosmo,Troup,13,M,Costa Rica
97,Arte,Geely,78,M,Costa Rica
98,Florette,Docksey,89,F,Costa Rica
99,Lilllie,Beneteau,67,F,Costa Rica
100,Carney,Coper,27,M,Costa Rica
101,Howard,Elcomb,54,M,Costa Rica
102,Bendicty,Fazan,46,M,Costa Rica
103,Carrie,Roman,69,F,Costa Rica
104,Twyla,Swinyard,73,F,Costa Rica
105,Heindrick,Eymer,23,M,Costa Rica
106,Augustus,Dondon,80,M,Costa Rica
107,Franny,Aylott,73,M,Costa Rica
108,Feliks,Laugier,22,M,Costa Rica
109,Gram,Sysland,36,M,Costa Rica
110,Zerk,Waistell,81,M,Costa Rica
111,Josie,Padkin,75,F,Costa Rica
112,Mathilde,Wybrow,35,F,Costa Rica
113,Adelina,Queyeiro,7,F,Costa Rica
114,Niall,Sliman,34,M,Costa Rica
115,Koren,Harg,33,F,Costa Rica
116,Flora,Hopkins,21,F,Costa Rica
117,Lowrance,Carhart,42,M,Costa Rica
118,Kakalina,Pharo,9,F,Costa Rica
119,Lucias,Jacquemard,93,M,Costa Rica
120,Horton,Wegenen,60,M,Costa Rica
121,Dewain,Harget,52,M,Costa Rica
122,Emmet,Franzman,19,M,Costa Rica
123,Clare,Algeo,96,F,Costa Rica
124,Noach,Suttie,61,M,Costa Rica
125,Allina,Hadkins,27,F,Costa Rica
126,Colene,Stellin,2,F,Costa Rica
127,Alfonso,Tester,86,M,Costa Rica
128,Karyl,Weddup,13,F,Costa Rica
129,Garfield,Shackleford,79,M,Costa Rica
130,Jedediah,Guilloud,7,M,Costa Rica
131,Dex,Sturgis,16,M,Costa Rica
132,Marsiella,Pulbrook,81,F,Costa Rica
133,Burt,Pasterfield,21,M,Costa Rica
134,Daryl,Gleeson,58,M,Costa Rica
135,Ronalda,Bread,92,F,Costa Rica
136,Markos,Tancock,66,M,Costa Rica
137,Sydelle,O'Crigan,59,F,Costa Rica
138,Jory,Twelves,23,M,Costa Rica
139,Filmer,Igo,11,M,Costa Rica
140,Ekaterina,Brockwell,73,F,Costa Rica
141,Xavier,Chedgey,19,M,Costa Rica
142,Zsazsa,Birdall,97,F,Costa Rica
143,Faythe,Bault,97,F,Costa Rica
144,Hebert,Aisbett,95,M,Costa Rica
145,Hillyer,Chilvers,54,M,Costa Rica
146,Boote,Kennicott,21,M,Costa Rica
147,Melisa,Jenicek,3,F,Costa Rica
148,Lisabeth,Grigorushkin,82,F,Costa Rica
149,Germaine,Syddie,72,F,Costa Rica
150,Zaneta,Levens,94,F,Costa Rica
151,Clementine,Fawks,47,F,Costa Rica
152,Ase,Peron,27,M,Costa Rica
153,Levi,Vasnev,58,M,Costa Rica
154,Kenton,Di Meo,19,M,Costa Rica
155,Ulberto,Perrigo,62,M,Costa Rica
156,Eben,Rugge,98,M,Costa Rica
157,Bibby,Swindin,83,F,Costa Rica
158,Elissa,Groome,13,F,Costa Rica
159,Johannes,Marcum,66,M,Costa Rica
160,Izabel,Grenkov,70,F,Costa Rica
161,Aylmer,Tennet,29,M,Costa Rica
162,Magdalena,Casotti,6,F,Costa Rica
163,Fidelia,Penburton,22,F,Costa Rica
164,Korney,Bilbrook,21,F,Costa Rica
165,Farrand,Bellingham,80,F,Costa Rica
166,Sheryl,Rohfsen,36,F,Costa Rica
167,Minnaminnie,Rois,96,F,Costa Rica
168,Ketty,Allam,80,F,Costa Rica
169,Donnell,Scholes,15,M,Costa Rica
170,Lorettalorna,Pinwill,67,F,Costa Rica
171,Tana,Sedgeman,96,F,Costa Rica
172,Sophia,Vaskov,32,F,Costa Rica
173,Polly,Stent,54,F,Costa Rica
174,Julita,Evenett,59,F,Costa Rica
175,Kerianne,Mauser,37,F,Costa Rica
176,Kellen,Selbach,9,F,Costa Rica
177,Gisele,Froud,29,F,Costa Rica
178,Fran,Boar,49,M,Costa Rica
179,Aubrey,Parr,96,M,Costa Rica
180,Jaime,Stoter,52,M,Costa Rica
181,Shandie,Whistlecroft,60,F,Costa Rica
182,Giavani,Kelberman,55,M,Costa Rica
183,Joaquin,Wallace,31,M,Costa Rica
184,Harmon,Cleaver,46,M,Costa Rica
185,Keely,Tilsley,15,F,Costa Rica
186,Julietta,Swatland,55,F,Costa Rica
187,Edee,Punyer,15,F,Costa Rica
188,Miles,Kemitt,72,M,Costa Rica
189,Tabby,Gauson,53,F,Costa Rica
190,Abbe,Bottomore,81,F,Costa Rica
191,Myrvyn,Grossier,25,M,Costa Rica
192,Janey,Rumming,99,F,Costa Rica
193,Linell,Loving,47,F,Costa Rica
194,Flossie,Dunnet,49,F,Costa Rica
195,Lanette,Andreasen,33,F,Costa Rica
196,Alexandrina,Gorwood,15,F,Costa Rica
197,Wiley,Sammut,41,M,Costa Rica
198,Colet,Laughren,17,M,Costa Rica
199,Pip,Brame,73,M,Costa Rica
200,Gabriel,Pentelow,19,M,Costa Rica
201,Ericka,Coggill,85,F,Costa Rica
202,Yardley,Bernardinelli,24,M,Costa Rica
203,Jessa,Fawlks,37,F,Costa Rica
204,Candie,Kowalik,29,F,Costa Rica
205,Bellanca,Luttger,8,F,Costa Rica
206,Nat,Heyburn,8,M,Costa Rica
207,Derek,Goude,58,M,Costa Rica
208,Cass,Comelli,47,F,Costa Rica
209,Feliks,Conti,4,M,Costa Rica
210,Selinda,Merrigans,39,F,Costa Rica
211,Carney,Kittredge,100,M,Costa Rica
212,Rockie,Geeves,77,M,Costa Rica
213,Shalna,Devericks,99,F,Costa Rica
214,Winston,Telega,33,M,Costa Rica
215,Annmarie,Gaunson,15,F,Costa Rica
216,Hestia,Wanek,27,F,Costa Rica
217,Dorita,Gyorffy,41,F,Costa Rica
218,North,Ivanuschka,42,M,Costa Rica
219,Brande,Wintersgill,15,F,Costa Rica
220,Orelee,Ocklin,31,F,Costa Rica
221,Jakie,Caghy,45,M,Costa Rica
222,Katrinka,Helin,67,F,Costa Rica
223,Karlee,Pennings,16,F,Costa Rica
224,Sansone,Robinet,92,M,Costa Rica
225,Jeth,McBrearty,33,M,Costa Rica
226,Francisca,Kobisch,17,F,Costa Rica
227,Humfrey,Sellen,48,M,Costa Rica
228,Norrie,Albone,45,M,Costa Rica
229,Amos,Oldman,98,M,Costa Rica
230,Jeannine,Clowton,18,F,Costa Rica
231,Wernher,Gulleford,71,M,Costa Rica
232,Jobina,Whittuck,5,F,Costa Rica
233,Starr,Fanshawe,32,F,Costa Rica
234,Kim,Heaker,65,M,Costa Rica
235,Mollee,Sanham,39,F,Costa Rica
236,Palm,Kubasiewicz,79,M,Costa Rica
237,Sacha,Cheale,89,F,Costa Rica
238,Ogdan,Rainford,20,M,Costa Rica
239,Rhett,Youson,81,M,Costa Rica
240,Federico,Millom,83,M,Costa Rica
241,Maryanne,Janz,20,F,Costa Rica
242,Regan,Howel,24,F,Costa Rica
243,Rip,Darbey,78,M,Costa Rica
244,Maud,Picott,89,F,Costa Rica
245,Abby,Pady,22,M,Costa Rica
246,Carr,Oyley,8,M,Costa Rica
247,Vera,Dincke,1,F,Costa Rica
248,Tully,Cowitz,84,M,Costa Rica
249,Carmella,Brolly,14,F,Costa Rica
250,Wilden,Fursland,35,M,Costa Rica
251,Lefty,Blaszczynski,23,M,Costa Rica
252,Manon,Pethybridge,96,F,Costa Rica
253,Roberto,Gilhouley,17,M,Costa Rica
254,Mabel,Purkiss,65,F,Costa Rica
255,Prescott,MacGilrewy,52,M,Costa Rica
256,Abran,Jerg,54,M,Costa Rica
257,Tove,Labrenz,44,F,Costa Rica
258,Alister,Niland,14,M,Costa Rica
259,Delainey,Blanning,33,M,Costa Rica
260,Neely,Matchell,70,F,Costa Rica
261,Sawyer,Pre,87,M,Costa Rica
262,Liana,Tuvey,89,F,Costa Rica
263,Manuel,Rebichon,49,M,Costa Rica
264,Carmine,Claxson,62,M,Costa Rica
265,Yvette,Dutnall,56,F,Costa Rica
266,Bertie,McMeyler,89,M,Costa Rica
267,Tonnie,Stithe,88,M,Costa Rica
268,Pietro,Roose,12,M,Costa Rica
269,Rhea,Watkiss,88,F,Costa Rica
270,Georgie,Yelland,35,M,Costa Rica
271,Coral,Leafe,51,F,Costa Rica
272,Rakel,Axleby,8,F,Costa Rica
273,Laura,Yankin,86,F,Costa Rica
274,Gigi,Gegg,17,F,Costa Rica
275,Tomlin,Budgey,68,M,Costa Rica
276,Devland,Flatte,1,M,Costa Rica
277,Marion,Burdett,15,M,Costa Rica
278,Kandy,Nowill,71,F,Costa Rica
279,Ainslee,MacCague,41,F,Costa Rica
280,Sheba,Boyn,94,F,Costa Rica
281,Beulah,Vivian,89,F,Costa Rica
282,Cookie,Magrannell,30,F,Costa Rica
283,Elisabet,Fold,59,F,Costa Rica
284,Brose,Giacovelli,74,M,Costa Rica
285,Terrel,Cocklin,76,M,Costa Rica
286,Wald,Gerritsma,25,M,Costa Rica
287,Eb,Grigore,66,M,Costa Rica
288,Jodie,Whiff,28,F,Costa Rica
289,Emanuele,Flowers,67,M,Costa Rica
290,Con,Sutcliffe,45,F,Costa Rica
291,Alexandra,Feaveer,47,F,Costa Rica
292,Giustina,Cloney,66,F,Costa Rica
293,Judi,Dilks,48,F,Costa Rica
294,Marietta,Kelf,9,M,Costa Rica
295,Jessie,Petrushka,89,M,Costa Rica
296,Bondon,Soame,63,M,Costa Rica
297,Ariadne,Yakuntzov,29,F,Costa Rica
298,Gay,Enderlein,4,M,Costa Rica
299,Dewie,Fleckney,56,M,Costa Rica
300,Lorettalorna,Guerrier,99,F,Costa Rica
301,Cristiano,Avis,9,M,Costa Rica
302,Westley,Winning,27,M,Costa Rica
303,Job,Fellon,80,M,Costa Rica
304,Patrick,Hurkett,60,M,Costa Rica
305,Lanette,Maddyson,93,F,Costa Rica
306,Latashia,Jerke,65,F,Costa Rica
307,Chrysler,Grooby,48,F,Costa Rica
308,Jarrid,Ollive,88,M,Costa Rica
309,Prue,MacTerlagh,88,F,Costa Rica
310,Sorcha,Swalwell,12,F,Costa Rica
311,Jody,Kuhnel,86,F,Costa Rica
312,Loralyn,Archbell,7,F,Costa Rica
313,Cesare,Hinzer,8,M,Costa Rica
314,Octavius,Cappleman,20,M,Costa Rica
315,Bobbe,Dwine,35,F,Costa Rica
316,Giorgi,Feltham,31,M,Costa Rica
317,Ad,Sturror,56,M,Costa Rica
318,Aprilette,Townes,19,F,Costa Rica
319,Raimundo,Scrivin,30,M,Costa Rica
320,Naomi,Stonuary,41,F,Costa Rica
321,Aubine,Calbert,60,F,Costa Rica
322,Stafford,Seeney,36,M,Costa Rica
323,Luz,Brewitt,77,F,Costa Rica
324,Wally,Nurse,24,F,Costa Rica
325,Lishe,Hibbart,61,F,Costa Rica
326,Drusy,Bowditch,64,F,Costa Rica
327,Yolanthe,Srawley,42,F,Costa Rica
328,Aloysia,McNevin,93,F,Costa Rica
329,Thia,McKeller,98,F,Costa Rica
330,Bernita,Tinn,81,F,Costa Rica
331,Liza,Batram,75,F,Costa Rica
332,Magdaia,Ludlow,45,F,Costa Rica
333,Guy,Basill,59,M,Costa Rica
334,Quincy,Jeffry,7,M,Costa Rica
335,Merrill,MacAlpyne,97,M,Costa Rica
336,Truman,Ovett,40,M,Costa Rica
337,Jorie,Durban,75,F,Costa Rica
338,Juan,Smewing,90,M,Costa Rica
339,Tiphani,Mellem,51,F,Costa Rica
340,Bess,Drance,83,F,Costa Rica
341,Goober,Mullan,34,M,Costa Rica
342,Merla,Raun,56,F,Costa Rica
343,Anselma,Gowdridge,4,F,Costa Rica
344,Laney,Blanchflower,17,F,Costa Rica
345,Goldarina,Linnett,55,F,Costa Rica
346,Tadeo,Sokill,58,M,Costa Rica
347,Evan,Hixson,15,M,Costa Rica
348,Rycca,Corston,90,F,Costa Rica
349,Glendon,Eddington,95,M,Costa Rica
350,Josi,Simonsson,72,F,Costa Rica
351,Christos,Cicero,70,M,Costa Rica
352,Allissa,Sharrock,90,F,Costa Rica
353,Cecelia,Tallyn,91,F,Costa Rica
354,Garv,Aldin,34,M,Costa Rica
355,Dre,Worsnip,25,F,Costa Rica
356,Jemimah,Peagram,25,F,Costa Rica
357,Harlie,Konzelmann,99,F,Costa Rica
358,Britt,Casaroli,94,M,Costa Rica
359,Malva,Sacco,98,F,Costa Rica
360,Wiatt,End,27,M,Costa Rica
361,Robbyn,Hourahan,11,F,Costa Rica
362,Jacquelynn,Winchurst,88,F,Costa Rica
363,Reube,Goodfield,75,M,Costa Rica
364,Huberto,Sinclaire,38,M,Costa Rica
365,Karalynn,Bridywater,38,F,Costa Rica
366,Carleton,Severs,27,M,Costa Rica
367,Vanessa,Challinor,32,F,Costa Rica
368,Stormi,Sulter,19,F,Costa Rica
369,Fairfax,Dudin,62,M,Costa Rica
370,Tedi,Van Leeuwen,33,F,Costa Rica
371,Duky,Antonnikov,54,M,Costa Rica
372,Micheline,Spilsbury,44,F,Costa Rica
373,Adolphe,Flawn,29,M,Costa Rica
374,Frants,Bibby,72,M,Costa Rica
375,Trish,Rosario,79,F,Costa Rica
376,Morry,Stittle,5,M,Costa Rica
377,Alphonso,Grinston,48,M,Costa Rica
378,Rosie,Peert,29,F,Costa Rica
379,Conny,Banke,53,F,Costa Rica
380,Parsifal,Perone,90,M,Costa Rica
381,Carmela,Tomini,82,F,Costa Rica
382,Clifford,Gowlett,64,M,Costa Rica
383,Dudley,Tester,51,M,Costa Rica
384,Neale,Meth,47,M,Costa Rica
385,Tamma,Torre,49,F,Costa Rica
386,Shaylynn,Frisch,96,F,Costa Rica
387,Samson,Janicek,47,M,Costa Rica
388,Charo,Britten,77,F,Costa Rica
389,Datha,Swine,72,F,Costa Rica
390,Kermie,Perryn,52,M,Costa Rica
391,Bendicty,Royson,51,M,Costa Rica
392,Correna,Bredbury,80,F,Costa Rica
393,Maxie,Noddle,72,M,Costa Rica
394,Silvio,Fairbrace,82,M,Costa Rica
395,Wolfy,Oultram,68,M,Costa Rica
396,Koressa,Endrici,78,F,Costa Rica
397,Emalee,Yve,7,F,Costa Rica
398,Scott,Chater,75,M,Costa Rica
399,Ken,Alliot,62,M,Costa Rica
400,Noelyn,Iddens,88,F,Costa Rica
401,Amy,McIntee,99,F,Costa Rica
402,Floyd,Coulter,73,M,Costa Rica
403,Rori,Obal,21,F,Costa Rica
404,Hillie,Bowland,29,M,Costa Rica
405,Kaiser,Leveritt,32,M,Costa Rica
406,Gilburt,Coggles,18,M,Costa Rica
407,Betsey,Rouf,49,F,Costa Rica
408,Layney,Mathys,43,F,Costa Rica
409,Bing,Leftly,66,M,Costa Rica
410,Berny,Grewar,97,M,Costa Rica
411,Rori,Dubble,74,F,Costa Rica
412,Mata,Willcot,8,M,Costa Rica
413,Prince,Maggs,93,M,Costa Rica
414,Averill,Hansford,86,M,Costa Rica
415,Merwyn,Partner,62,M,Costa Rica
416,Sheff,Fowells,84,M,Costa Rica
417,Bald,Gulberg,78,M,Costa Rica
418,Emogene,Frankiewicz,60,F,Costa Rica
419,Jaymie,Insole,24,M,Costa Rica
420,Georgie,McCuthais,82,F,Costa Rica
421,Paulie,Gerrell,58,F,Costa Rica
422,Maureene,Hagan,91,F,Costa Rica
423,Micaela,Gayden,87,F,Costa Rica
424,Nicholas,Tace,27,M,Costa Rica
425,Ingeberg,Ogelbe,69,F,Costa Rica
426,Vaughn,Mitchenson,45,M,Costa Rica
427,Hector,Playle,81,M,Costa Rica
428,Wrennie,Houlston,80,F,Costa Rica
429,Curry,Critch,82,M,Costa Rica
430,Kathy,Twelvetrees,67,F,Costa Rica
431,Anatole,Arnull,93,M,Costa Rica
432,Bale,Tumbridge,12,M,Costa Rica
433,Brett,Izhaky,100,F,Costa Rica
434,Abra,Willcott,79,F,Costa Rica
435,Brock,Lovering,46,M,Costa Rica
436,Brandie,Fison,42,F,Costa Rica
437,Jessey,Doiley,70,M,Costa Rica
438,Wendel,Desseine,7,M,Costa Rica
439,Adolph,D'Andrea,34,M,Costa Rica
440,Rorie,Crosetti,73,F,Costa Rica
441,Heather,Stallard,13,F,Costa Rica
442,Brittaney,Dutteridge,65,F,Costa Rica
443,Isidor,Squier,78,M,Costa Rica
444,Jorrie,Cawdery,65,F,Costa Rica
445,Wye,Ivanov,22,M,Costa Rica
446,Natalie,Lillo,53,F,Costa Rica
447,Michele,Girke,58,M,Costa Rica
448,Augustina,Josh,30,F,Costa Rica
449,Nil,Luckes,74,M,Costa Rica
450,Anna-diane,Bowton,54,F,Costa Rica
451,Craggie,Correa,97,M,Costa Rica
452,Devon,Sargint,76,F,Costa Rica
453,Winnifred,Daniaud,48,F,Costa Rica
454,Lissa,Escalera,34,F,Costa Rica
455,Martelle,Helversen,72,F,Costa Rica
456,Heriberto,Swinnard,55,M,Costa Rica
457,Dorey,Copes,91,F,Costa Rica
458,Jsandye,Hiscoke,43,F,Costa Rica
459,Marlie,Patington,95,F,Costa Rica
460,Arie,Heddan,68,M,Costa Rica
461,Deb,Guidera,20,F,Costa Rica
462,Julianna,Zahor,54,F,Costa Rica
463,Charmian,Ginn,23,F,Costa Rica
464,Ezequiel,Moreland,10,M,Costa Rica
465,Maury,Lough,45,M,Costa Rica
466,Hanan,Thaine,70,M,Costa Rica
467,Christen,Climpson,82,F,Costa Rica
468,Armando,Bloomfield,56,M,Costa Rica
469,Alexandre,Hinners,71,M,Costa Rica
470,Reider,Pringer,11,M,Costa Rica
471,Patric,Bernardon,47,M,Costa Rica
472,Marieann,Riba,15,F,Costa Rica
473,Gareth,Beange,34,M,Costa Rica
474,Eddie,Norwich,17,F,Costa Rica
475,Verine,Laxon,47,F,Costa Rica
476,Emelita,Pallent,33,F,Costa Rica
477,Augustus,Griston,12,M,Costa Rica
478,Gus,Dearnaly,25,F,Costa Rica
479,Jacklin,Long,15,F,Costa Rica
480,Philomena,Dono,21,F,Costa Rica
481,Lockwood,Scotchmore,31,M,Costa Rica
482,Katerina,Syplus,21,F,Costa Rica
483,Sabina,Borrowman,32,F,Costa Rica
484,Meryl,Langfield,84,M,Costa Rica
485,Mindy,Stiles,92,F,Costa Rica
486,Ebonee,McCadden,49,F,Costa Rica
487,Hyman,Commusso,77,M,Costa Rica
488,Dolph,Strong,60,M,Costa Rica
489,Yalonda,Jurczyk,48,F,Costa Rica
490,Ianthe,Meenan,32,F,Costa Rica
491,Merrill,Knutton,24,M,Costa Rica
492,Hogan,D'Hooge,35,M,Costa Rica
493,Nikolaus,Tuffey,52,M,Costa Rica
494,Siusan,Twiddle,50,F,Costa Rica
495,Brina,Barmby,66,F,Costa Rica
496,Myrvyn,Surgison,7,M,Costa Rica
497,Josh,Mossman,65,M,Costa Rica
498,Kip,Fronzek,5,F,Costa Rica
499,Rainer,Gidman,87,M,Costa Rica
500,Jillane,Tootin,62,F,Costa Rica
501,Clemmie,Olman,90,F,Costa Rica
502,Othella,Birtwisle,41,F,Costa Rica
503,Ophelia,Parmenter,12,F,Costa Rica
504,Kinsley,Cordon,15,M,Costa Rica
505,Farlie,Bracey,71,M,Costa Rica
506,Wes,Rowly,18,M,Costa Rica
507,Randi,Grindrod,27,M,Costa Rica
508,Hughie,Georghiou,30,M,Costa Rica
509,Risa,Rodrigo,18,F,Costa Rica
510,Ardella,Dawtre,26,F,Costa Rica
511,Brandie,Pasby,26,F,Costa Rica
512,Gib,Lello,11,M,Costa Rica
513,Bentlee,Fulun,96,M,Costa Rica
514,Ruprecht,Buessen,77,M,Costa Rica
515,Joel,Marjot,32,M,Costa Rica
516,Layla,Lambert,2,F,Costa Rica
517,Jordon,Kuhl,23,M,Costa Rica
518,Rubetta,Bulpitt,43,F,Costa Rica
519,Lyndsey,Metzig,87,F,Costa Rica
520,Bert,Charrett,47,F,Costa Rica
521,Tull,Dobey,57,M,Costa Rica
522,Liesa,Huddlestone,61,F,Costa Rica
523,Alvie,Sibray,51,M,Costa Rica
524,Blayne,Sinnatt,85,M,Costa Rica
525,Phylys,Orvis,10,F,Costa Rica
526,Wilton,Dunbavin,42,M,Costa Rica
527,Rudolf,Bellworthy,76,M,Costa Rica
528,Wain,Daelman,38,M,Costa Rica
529,Alphonso,Thoresbie,13,M,Costa Rica
530,Stevy,Touzey,2,M,Costa Rica
531,Ermin,Zarb,32,M,Costa Rica
532,Yolane,Liven,78,F,Costa Rica
533,Ardisj,Ragles,100,F,Costa Rica
534,Anne-corinne,Colbeck,12,F,Costa Rica
535,Brook,Shann,47,F,Costa Rica
536,Oralle,Glendining,26,F,Costa Rica
537,Calhoun,McWilliams,92,M,Costa Rica
538,Wyatt,Bloan,76,M,Costa Rica
539,Culver,Strand,57,M,Costa Rica
540,Kala,Arnout,92,F,Costa Rica
541,Sybille,Metheringham,22,F,Costa Rica
542,Norine,Mertgen,14,F,Costa Rica
543,Thebault,Van der Linde,79,M,Costa Rica
544,Lauren,Opfer,47,M,Costa Rica
545,Lucian,Thomasson,40,M,Costa Rica
546,Sabine,Krzyzaniak,29,F,Costa Rica
547,Rubie,McOmish,64,F,Costa Rica
548,Linette,Pannaman,41,F,Costa Rica
549,Renault,Fevier,78,M,Costa Rica
550,Hannis,Guerola,72,F,Costa Rica
551,Val,Hair,55,M,Costa Rica
552,Englebert,Tudhope,14,M,Costa Rica
553,Kynthia,Witham,3,F,Costa Rica
554,Nehemiah,Marcu,1,M,Costa Rica
555,Wood,Marconi,59,M,Costa Rica
556,Kingsly,Chidlow,94,M,Costa Rica
557,Jim,Newhouse,55,M,Costa Rica
558,Ignatius,Gwyther,59,M,Costa Rica
559,Moe,Zuanazzi,66,M,Costa Rica
560,Sidonnie,Ellis,28,F,Costa Rica
561,Dawn,Cawson,86,F,Costa Rica
562,Alfreda,Dufall,53,F,Costa Rica
563,Werner,Fulkes,34,M,Costa Rica
564,Barclay,Landrean,5,M,Costa Rica
565,Dolly,Phillps,19,F,Costa Rica
566,Thorvald,Bennie,49,M,Costa Rica
567,Mehetabel,Pilbeam,63,F,Costa Rica
568,Ferrell,Noddle,38,M,Costa Rica
569,Lindsey,Turri,13,M,Costa Rica
570,Eveline,Yter,69,F,Costa Rica
571,Dwight,Rothman,22,M,Costa Rica
572,Ortensia,Aylett,66,F,Costa Rica
573,Engelbert,Yoslowitz,33,M,Costa Rica
574,Vincents,Selburn,28,M,Costa Rica
575,Edin,Lindley,98,F,Costa Rica
576,Hadrian,Wasielewicz,66,M,Costa Rica
577,Man,Cutmare,75,M,Costa Rica
578,Gamaliel,Villiers,38,M,Costa Rica
579,Davidde,Chatwin,1,M,Costa Rica
580,Hanni,Iddon,79,F,Costa Rica
581,Ezri,Andriss,48,M,Costa Rica
582,Revkah,Dellenbrook,69,F,Costa Rica
583,Rozalin,Kobel,83,F,Costa Rica
584,Cristie,Matuszak,78,F,Costa Rica
585,Haskell,Whittlesey,50,M,Costa Rica
586,Debora,Munden,2,F,Costa Rica
587,Hobey,Dreossi,100,M,Costa Rica
588,Kaleena,Sorey,50,F,Costa Rica
589,Carlina,Hedde,88,F,Costa Rica
590,Bret,Mattholie,21,M,Costa Rica
591,Andi,Creeghan,90,F,Costa Rica
592,Leonid,Regan,53,M,Costa Rica
593,Tillie,Warrilow,58,F,Costa Rica
594,Garrick,Cattenach,90,M,Costa Rica
595,Yevette,Hilbourne,9,F,Costa Rica
596,Bronnie,Penrose,15,M,Costa Rica
597,Alfonse,Broader,19,M,Costa Rica
598,Burtie,Lope,47,M,Costa Rica
599,Daven,Scouller,22,M,Costa Rica
600,Nicolina,Petrillo,33,F,Costa Rica
601,Elspeth,Allsupp,26,F,Costa Rica
602,Emmery,Castangia,2,M,Costa Rica
603,Archibald,Toffetto,91,M,Costa Rica
604,Elmore,Velte,98,M,Costa Rica
605,Karalynn,Jarman,41,F,Costa Rica
606,Hadleigh,Koschke,92,M,Costa Rica
607,Amii,Labrom,79,F,Costa Rica
608,Tynan,Hitter,11,M,Costa Rica
609,Nelson,Bendin,19,M,Costa Rica
610,Nona,Loomis,26,F,Costa Rica
611,Olenka,Howsego,64,F,Costa Rica
612,Mitchel,Mynott,2,M,Costa Rica
613,Diannne,Juliff,47,F,Costa Rica
614,Leupold,Venour,1,M,Costa Rica
615,May,Parrin,39,F,Costa Rica
616,Nertie,Pourvoieur,51,F,Costa Rica
617,Daffie,Moodie,26,F,Costa Rica
618,Jozef,Alday,67,M,Costa Rica
619,Farley,Salery,79,M,Costa Rica
620,Buffy,Hannum,85,F,Costa Rica
621,Sharron,Ridwood,61,F,Costa Rica
622,Humberto,De la croix,24,M,Costa Rica
623,Fiann,Parlett,76,F,Costa Rica
624,Fitz,Breeds,56,M,Costa Rica
625,Barnebas,Grewes,46,M,Costa Rica
626,Larissa,Shyres,66,F,Costa Rica
627,Torre,Leisman,59,M,Costa Rica
628,Tedman,Stickens,92,M,Costa Rica
629,Chrysler,Mobius,38,F,Costa Rica
630,Dan,Gerg,81,M,Costa Rica
631,Merv,Saben,71,M,Costa Rica
632,Davin,McAviy,99,M,Costa Rica
633,Sigismond,Exter,67,M,Costa Rica
634,Daisi,Scottini,10,F,Costa Rica
635,Kassey,Barta,50,F,Costa Rica
636,Clevey,Reims,40,M,Costa Rica
637,Wayland,Eslie,90,M,Costa Rica
638,Lindie,Polsin,96,F,Costa Rica
639,Rogerio,Gill,100,M,Costa Rica
640,Timotheus,Twyning,75,M,Costa Rica
641,Barrett,Everix,91,M,Costa Rica
642,Zaria,Bover,4,F,Costa Rica
643,Giorgio,Romeril,90,M,Costa Rica
644,Kalinda,Clulow,80,F,Costa Rica
645,Benedetto,Grunwald,90,M,Costa Rica
646,Brody,Illing,25,M,Costa Rica
647,Cammy,Bidewell,46,F,Costa Rica
648,Jeffie,Borrington,9,M,Costa Rica
649,Ferris,Chastenet,96,M,Costa Rica
650,Bernita,Jesson,90,F,Costa Rica
651,Addy,Mowling,57,M,Costa Rica
652,Catherine,Spearing,2,F,Costa Rica
653,Beatrice,Insoll,76,F,Costa Rica
654,Benedicto,Wealthall,36,M,Costa Rica
655,Morton,Cluett,95,M,Costa Rica
656,Fiorenze,Mackerness,8,F,Costa Rica
657,Paulie,Lampel,27,F,Costa Rica
658,Olia,Cicero,69,F,Costa Rica
659,Rockie,Hallahan,96,M,Costa Rica
660,Denny,Yakovliv,64,M,Costa Rica
661,Sergei,Bellwood,63,M,Costa Rica
662,Georgette,Poulter,39,F,Costa Rica
663,Cilka,Cattle,97,F,Costa Rica
664,Laurena,Schoular,31,F,Costa Rica
665,Phillipe,Nolan,63,M,Costa Rica
666,Maxine,Rose,14,F,Costa Rica
667,Angy,Willows,3,F,Costa Rica
668,Minor,Leese,25,M,Costa Rica
669,Foster,Emblin,87,M,Costa Rica
670,Gauthier,Krates,18,M,Costa Rica
671,Lucian,MacCarlich,14,M,Costa Rica
672,Hobey,Dawidowitz,49,M,Costa Rica
673,Desmund,Spring,40,M,Costa Rica
674,Gayle,Hargreave,45,M,Costa Rica
675,Richardo,Pomfrey,81,M,Costa Rica
676,Norah,Morrid,63,F,Costa Rica
677,Shauna,Corr,38,F,Costa Rica
678,Maryanna,Sandbrook,39,F,Costa Rica
679,Alastair,Pryce,77,M,Costa Rica
680,Sigfried,Height,4,M,Costa Rica
681,Regen,Alebrooke,5,M,Costa Rica
682,Frieda,Dasent,6,F,Costa Rica
683,Natale,Timeby,91,M,Costa Rica
684,Carly,Pickavant,6,F,Costa Rica
685,Laurice,Wynett,30,F,Costa Rica
686,Jamill,Nelthorp,44,M,Costa Rica
687,Tamas,Gurys,12,M,Costa Rica
688,Lennard,Coaster,20,M,Costa Rica
689,Chev,Wenderoth,2,M,Costa Rica
690,Tye,Dommett,29,M,Costa Rica
691,Carroll,Itzik,59,M,Costa Rica
692,Costa,Dockerty,35,M,Costa Rica
693,Waylan,Jarad,67,M,Costa Rica
694,Ugo,Ferrar,54,M,Costa Rica
695,Durand,Todarini,71,M,Costa Rica
696,Austen,Maddy,25,M,Costa Rica
697,Ellerey,O'Feeney,36,M,Costa Rica
698,Aldon,Turri,58,M,Costa Rica
699,Chrissie,Lytlle,41,M,Costa Rica
700,Erl,McKniely,66,M,Costa Rica
701,Lucais,Vasilic,22,M,Costa Rica
702,Levey,Slingsby,6,M,Costa Rica
703,Candice,Acom,45,F,Costa Rica
704,Keslie,Davis,24,F,Costa Rica
705,Cate,Fullager,66,F,Costa Rica
706,Barney,Harroll,68,M,Costa Rica
707,Kinnie,Sleany,92,M,Costa Rica
708,Brendan,Legrave,26,M,Costa Rica
709,Angela,Sheddan,73,F,Costa Rica
710,Ogdon,Alvey,39,M,Costa Rica
711,Bel,Atlay,16,F,Costa Rica
712,Sammie,Geraldi,90,M,Costa Rica
713,Lalo,Schellig,80,M,Costa Rica
714,Whitman,Sothern,13,M,Costa Rica
715,Adelina,Sacaze,50,F,Costa Rica
716,Annabela,Goble,17,F,Costa Rica
717,Ana,Hune,32,F,Costa Rica
718,Scarlet,Doman,48,F,Costa Rica
719,Asa,McQuorkel,68,M,Costa Rica
720,Shaine,Bagster,24,F,Costa Rica
721,Tadeas,Pummery,30,M,Costa Rica
722,Barb,Huck,80,F,Costa Rica
723,Granger,Durant,47,M,Costa Rica
724,Tamarah,Trevear,34,F,Costa Rica
725,Roberta,Thaller,34,F,Costa Rica
726,Norma,Birdsey,66,F,Costa Rica
727,Thurstan,Juarez,33,M,Costa Rica
728,Darya,McQuillen,97,F,Costa Rica
729,Bev,Chazerand,84,M,Costa Rica
730,Eleanor,Killingbeck,65,F,Costa Rica
731,Maud,Crabtree,23,F,Costa Rica
732,Antony,Bunkle,22,M,Costa Rica
733,Clemmie,Geaveny,59,M,Costa Rica
734,Benedikta,Emett,12,F,Costa Rica
735,Lorna,Ivins,43,F,Costa Rica
736,Maegan,Stainbridge,56,F,Costa Rica
737,Neille,Davidovics,19,F,Costa Rica
738,Baron,Lenaghen,88,M,Costa Rica
739,Boigie,Penhallurick,99,M,Costa Rica
740,Kristian,Ricciardiello,2,M,Costa Rica
741,Cassius,Roselli,14,M,Costa Rica
742,Alice,Skoughman,46,F,Costa Rica
743,Kenyon,Largent,57,M,Costa Rica
744,Tabb,Recher,99,M,Costa Rica
745,Ingemar,Vaughn,74,M,Costa Rica
746,John,Kleinsmuntz,43,M,Costa Rica
747,Seward,Hurll,24,M,Costa Rica
748,Brittani,Machin,22,F,Costa Rica
749,Rebekah,Vonasek,98,F,Costa Rica
750,Bradly,Ingre,55,M,Costa Rica
751,Windham,O'Nolan,45,M,Costa Rica
752,Julita,Sprague,98,F,Costa Rica
753,Lowell,Leap,77,M,Costa Rica
754,Ynez,Alesio,29,F,Costa Rica
755,Tabbie,Lapish,100,M,Costa Rica
756,Barnabas,Carlsson,61,M,Costa Rica
757,Rebecca,Mahood,4,F,Costa Rica
758,Erma,Bowne,49,F,Costa Rica
759,Gay,Van Arsdall,63,M,Costa Rica
760,Erena,Allom,25,F,Costa Rica
761,Arley,Lile,3,M,Costa Rica
762,Pamelina,Neame,70,F,Costa Rica
763,Ewan,Velasquez,4,M,Costa Rica
764,Maurizio,Gracey,84,M,Costa Rica
765,Maryl,Caines,76,F,Costa Rica
766,Ellen,Spinks,93,F,Costa Rica
767,Milo,Danielski,67,M,Costa Rica
768,Bertina,Swainston,56,F,Costa Rica
769,Jaymie,Grave,57,M,Costa Rica
770,Elaina,Birchett,18,F,Costa Rica
771,Fina,Staunton,77,F,Costa Rica
772,Lazar,Norker,25,M,Costa Rica
773,Lindsay,Fadian,4,F,Costa Rica
774,Katy,Masterson,66,F,Costa Rica
775,Jaynell,Izatson,83,F,Costa Rica
776,Liuka,Caudelier,56,F,Costa Rica
777,Lynnelle,Innis,85,F,Costa Rica
778,Dawna,Basnett,61,F,Costa Rica
779,Lindie,Burrell,24,F,Costa Rica
780,Xenia,Gretton,48,F,Costa Rica
781,Eyde,Castri,35,F,Costa Rica
782,Winston,Alldritt,72,M,Costa Rica
783,Garnet,Leefe,92,F,Costa Rica
784,Lee,Goudard,36,F,Costa Rica
785,Felice,Eydel,70,M,Costa Rica
786,Garvey,Elmer,56,M,Costa Rica
787,Armstrong,Stuckes,2,M,Costa Rica
788,Codie,Gatty,24,M,Costa Rica
789,Belle,Knutsen,85,F,Costa Rica
790,Esdras,Moir,11,M,Costa Rica
791,Roman,Dillestone,61,M,Costa Rica
792,Janine,Durgan,67,F,Costa Rica
793,Clayton,Leak,6,M,Costa Rica
794,Ainslee,Hawkslee,72,F,Costa Rica
795,Trumaine,Greensite,9,M,Costa Rica
796,Georg,Dunmore,73,M,Costa Rica
797,Gery,Chalcot,86,M,Costa Rica
798,Zorina,Stephens,19,F,Costa Rica
799,Casey,Cripwell,35,M,Costa Rica
800,Seamus,Veillard,38,M,Costa Rica
801,Selia,Berkeley,60,F,Costa Rica
802,Jake,Spackman,57,M,Costa Rica
803,Emery,Sich,72,M,Costa Rica
804,Valentine,Addyman,38,M,Costa Rica
805,Hasheem,Legge,45,M,Costa Rica
806,Reade,Crayker,95,M,Costa Rica
807,Fran,Hogsden,46,F,Costa Rica
808,Armstrong,Mora,13,M,Costa Rica
809,Gertrud,Eustace,64,F,Costa Rica
810,Claudine,Stanes,88,F,Costa Rica
811,Nola,Brownett,47,F,Costa Rica
812,Terrel,Soall,18,M,Costa Rica
813,Anderson,Krysztowczyk,34,M,Costa Rica
814,Jessica,Ebbins,43,F,Costa Rica
815,Launce,Ayer,80,M,Costa Rica
816,Melony,Lillecrop,76,F,Costa Rica
817,Bree,Amoss,51,F,Costa Rica
818,Jereme,Sturton,26,M,Costa Rica
819,Nester,Stean,17,M,Costa Rica
820,Trevor,Dodsley,12,M,Costa Rica
821,Douglas,Petrichat,95,M,Costa Rica
822,Ramsay,Paskell,63,M,Costa Rica
823,Gennifer,Skatcher,68,F,Costa Rica
824,Winslow,Longfut,86,M,Costa Rica
825,Tiffani,Jickells,30,F,Costa Rica
826,Guntar,Brouwer,2,M,Costa Rica
827,Jessalin,Rollins,38,F,Costa Rica
828,Cathrine,Hymor,38,F,Costa Rica
829,Janelle,Ryson,54,F,Costa Rica
830,Correna,Siebert,39,F,Costa Rica
831,Hastie,Storah,78,M,Costa Rica
832,Scotty,Beven,54,M,Costa Rica
833,Adolf,Duer,79,M,Costa Rica
834,Harmonie,Cloke,17,F,Costa Rica
835,Husain,Blazey,36,M,Costa Rica
836,Gardner,Goodbanne,90,M,Costa Rica
837,Cristobal,Buston,80,M,Costa Rica
838,Birdie,Twallin,79,F,Costa Rica
839,Farlee,Hexham,42,M,Costa Rica
840,Dilly,Inworth,72,M,Costa Rica
841,Oswell,Syred,37,M,Costa Rica
842,Paquito,Prynne,30,M,Costa Rica
843,Cyndy,Bridgland,70,F,Costa Rica
844,Vlad,Goodridge,11,M,Costa Rica
845,Sam,Dick,52,M,Costa Rica
846,Rhonda,Morriss,57,F,Costa Rica
847,Cleon,Clyne,95,M,Costa Rica
848,Pippo,Frill,61,M,Costa Rica
849,Heloise,Forde,47,F,Costa Rica
850,Shayne,Abrashkov,61,M,Costa Rica
851,Dianne,Groves,35,F,Costa Rica
852,Philippine,Bestiman,16,F,Costa Rica
853,Bernadene,Hebbard,31,F,Costa Rica
854,Kathye,Cousans,21,F,Costa Rica
855,Benyamin,Linny,65,M,Costa Rica
856,Bond,Ibbitson,70,M,Costa Rica
857,Gabriel,Cancellieri,8,M,Costa Rica
858,Nicholle,McNeachtain,45,F,Costa Rica
859,Bobbette,Ohanessian,34,F,Costa Rica
860,Portia,Lownsbrough,6,F,Costa Rica
861,Francesco,Audry,21,M,Costa Rica
862,Chance,Ziems,81,M,Costa Rica
863,Gerardo,Dumphry,52,M,Costa Rica
864,Margaretta,Pryer,78,F,Costa Rica
865,Brigida,Eaden,21,F,Costa Rica
866,Maribel,Storah,41,F,Costa Rica
867,Trey,Nayshe,71,M,Costa Rica
868,Darline,Hastings,81,F,Costa Rica
869,Gunner,Pygott,62,M,Costa Rica
870,Hubert,Hawker,26,M,Costa Rica
871,Mendy,Fowley,48,M,Costa Rica
872,Prinz,Brunini,63,M,Costa Rica
873,Lurlene,Nelissen,76,F,Costa Rica
874,Tiffany,Zoppie,6,F,Costa Rica
875,Nichole,Haddinton,100,M,Costa Rica
876,Dalton,Truin,10,M,Costa Rica
877,Ban,Vinas,37,M,Costa Rica
878,Missy,Oppie,12,F,Costa Rica
879,Albina,Osburn,70,F,Costa Rica
880,Packston,Reedyhough,100,M,Costa Rica
881,Evvie,Archell,12,F,Costa Rica
882,Martie,Brockhurst,36,F,Costa Rica
883,Jourdan,Taunton,13,F,Costa Rica
884,Atalanta,Di Biagi,68,F,Costa Rica
885,Bondon,Hayselden,94,M,Costa Rica
886,Roldan,Bridgement,15,M,Costa Rica
887,Darlleen,Claybourn,29,F,Costa Rica
888,Ramsay,Infantino,47,M,Costa Rica
889,Sallyanne,Greenstreet,9,F,Costa Rica
890,Pace,Nurden,85,M,Costa Rica
891,Roxy,Brion,46,F,Costa Rica
892,Raddie,Parvin,55,M,Costa Rica
893,Chandal,Presshaugh,2,F,Costa Rica
894,Pace,Bexon,28,M,Costa Rica
895,Sharia,Goodsall,93,F,Costa Rica
896,Jessy,Lyosik,47,F,Costa Rica
897,Tommie,Neild,76,F,Costa Rica
898,Marten,Ciani,64,M,Costa Rica
899,Kiele,Mastrantone,9,F,Costa Rica
900,Dave,McCluney,21,M,Costa Rica
901,Durante,Woodrough,47,M,Costa Rica
902,Em,Burgwin,21,F,Costa Rica
903,Drusie,Alibone,75,F,Costa Rica
904,Joellen,Kullmann,76,F,Costa Rica
905,Sigismond,Corey,7,M,Costa Rica
906,Delcina,Walklett,46,F,Costa Rica
907,Artemus,Scneider,2,M,Costa Rica
908,Heall,Simonyi,95,M,Costa Rica
909,Deerdre,Dawtrey,39,F,Costa Rica
910,Ky,Bardey,44,M,Costa Rica
911,Shanta,Kleinsinger,85,F,Costa Rica
912,Jayne,Dougliss,57,F,Costa Rica
913,Wenona,Sharrocks,57,F,Costa Rica
914,Curtice,Pawnsford,62,M,Costa Rica
915,Raddie,Tousy,32,M,Costa Rica
916,Marice,Tant,64,F,Costa Rica
917,Napoleon,Bavidge,63,M,Costa Rica
918,Elise,Hazleton,29,F,Costa Rica
919,Ranee,Kirkby,98,F,Costa Rica
920,Dedie,Tinniswood,86,F,Costa Rica
921,Glynis,Cereceres,27,F,Costa Rica
922,Rourke,Cluelow,58,M,Costa Rica
923,Edlin,Coghlin,67,M,Costa Rica
924,Shaun,Skinner,58,M,Costa Rica
925,Palm,Dampney,28,M,Costa Rica
926,Saunderson,Stalley,28,M,Costa Rica
927,Netti,Beckinsale,90,F,Costa Rica
928,Bendix,Deering,66,M,Costa Rica
929,Stanwood,Illes,37,M,Costa Rica
930,Gayla,Jessett,31,F,Costa Rica
931,Sammy,Pitts,42,F,Costa Rica
932,Britney,Tordiffe,68,F,Costa Rica
933,Matthaeus,Zukerman,88,M,Costa Rica
934,Corney,Hatherall,17,M,Costa Rica
935,Wendye,Prestedge,15,F,Costa Rica
936,Rozina,Carnegy,31,F,Costa Rica
937,Eleonora,Pomphrey,67,F,Costa Rica
938,Nathanil,Lucchi,88,M,Costa Rica
939,Humphrey,Mowen,61,M,Costa Rica
940,Clerc,Argont,34,M,Costa Rica
941,Jakob,Plows,32,M,Costa Rica
942,Sue,Castard,17,F,Costa Rica
943,Francoise,Geraud,2,F,Costa Rica
944,Arvin,Ausello,96,M,Costa Rica
945,El,Avey,3,M,Costa Rica
946,Andriana,Brakespear,67,F,Costa Rica
947,Minna,Gaitone,39,F,Costa Rica
948,Shermie,Gorghetto,47,M,Costa Rica
949,Mechelle,Pye,74,F,Costa Rica
950,Danita,Egglestone,2,F,Costa Rica
951,Ardys,Elsie,88,F,Costa Rica
952,Kingston,Rolles,5,M,Costa Rica
953,Creigh,Le Provest,81,M,Costa Rica
954,Shermy,Alvarado,54,M,Costa Rica
955,Maren,Minichillo,53,F,Costa Rica
956,Ethelyn,Gideon,2,F,Costa Rica
957,Reagen,Antonik,70,M,Costa Rica
958,Hayden,Mackstead,25,M,Costa Rica
959,Chevalier,Johnes,65,M,Costa Rica
960,Jobie,Crosdill,45,F,Costa Rica
961,Stephannie,Nickoll,97,F,Costa Rica
962,Reinwald,Kingzet,72,M,Costa Rica
963,Garald,Sawdy,89,M,Costa Rica
964,Clarinda,Napier,93,F,Costa Rica
965,Sophie,Ryce,94,F,Costa Rica
966,Maurise,Glackin,34,F,Costa Rica
967,Deane,Lantry,4,M,Costa Rica
968,Ortensia,Saltwell,30,F,Costa Rica
969,Sonnie,Boobyer,75,F,Costa Rica
970,Aloysius,Henzley,87,M,Costa Rica
971,Trixy,Reavey,56,F,Costa Rica
972,Willa,Lody,45,F,Costa Rica
973,Sonny,Dennert,58,M,Costa Rica
974,Jillane,Chsteney,41,F,Costa Rica
975,Laurie,Hegge,39,F,Costa Rica
976,Debee,Forst,9,F,Costa Rica
977,Beverlie,Stratley,29,F,Costa Rica
978,Judas,Roggero,65,M,Costa Rica
979,Mychal,Jurkowski,75,M,Costa Rica
980,Matilda,Angear,88,F,Costa Rica
981,Kristan,Pinks,97,F,Costa Rica
982,Willis,Ovell,44,M,Costa Rica
983,Guendolen,Delouch,38,F,Costa Rica
984,Corenda,Sonschein,67,F,Costa Rica
985,Shirline,Gellion,40,F,Costa Rica
986,Teodoor,Millbank,72,M,Costa Rica
987,Lauretta,Phipp,86,F,Costa Rica
988,Eveleen,McDill,2,F,Costa Rica
989,Lavina,Badrock,97,F,Costa Rica
990,Ellette,Stuer,85,F,Costa Rica
991,Berky,Standbridge,9,M,Costa Rica
992,Olivia,Shotton,14,F,Costa Rica
993,Claudius,Cisec,61,M,Costa Rica
994,Janna,Podbury,59,F,Costa Rica
995,Lorry,Gloucester,82,F,Costa Rica
996,Berri,Bernadot,10,F,Costa Rica
997,Mickie,Denerley,87,M,Costa Rica
998,Robinia,Manhood,27,F,Costa Rica
999,Dwain,Furzey,72,M,Costa Rica
1000,West,Huegett,2,M,Costa Rica
